0081835cf877e004e8bfb905b78a9139.jpeg,0,22061
00d827b8bcf15050fb9af0ef92846b60.jpeg,0,78064
00f9b6c911c4aa179344271fa54aa1b2.jpeg,0,55667
00fd197cd955fa095f978455cef3593c.jpeg,108819,0
01c13a3d810b000db55759486b8aa1b8.jpeg,29887,0
01e80947f9c02314fc58bdb26679bff5.jpeg,0,114279
01ff069910ea2abe3c84417fda801941.jpeg,0,12665
02000f9b6c911c4aa179344271fa54aa.jpeg,0,52334
021bab9fc7330398846f67b5df7cdf3f.jpeg,0,241148
02345d341253851bc866ebe4d18d5401.jpeg,0,64703
025ba0e3b6d0bf0b5633059989805234.jpeg,0,43351
02b296cc5cfd263f1f90be2879923502.jpeg,0,23721
0317371a966bf4b3466463a3c64db170.jpeg,17556,0
033c03b0af70cc0f6d32b726342865f6.jpeg,0,25530
0351267e98bd886544a2a98ee309ce76.jpeg,3198,10655
03983064a3eb4d49033c03b0af70cc0f.jpeg,0,89764
03d2cbbcfa4baf3866269959350e7998.jpeg,0,33367
03f909df7cd066b37f538abe9de67869.jpeg,0,85059
040781d54ffd6a8ee924dbd70f618d52.jpeg,0,62422
04414eaa922bca73d5379c7c851a5082.jpeg,0,23251
0449922d6157edc3d82df22c41b503dc.jpeg,0,32697
0449ad43fe2cd066b9fdbc3bbc04a3af.jpeg,0,122394
047dc0cbb58aa032554b5eb4fcf0130a.jpeg,146787,0
04801b37705c1e555525d4f09ce7270b.jpeg,10877,140542
0496b83ef461c2a337948a41964c1d4f.jpeg,36591,0
04c34a359bbb402345d341253851bc86.jpeg,0,51230
04ccdc265a0b0a1230b118fa8625605d.jpeg,0,58060
04f234b701fc691ffa02f6068b683019.jpeg,19197,0
051fc90e85d064f787d4be168d951058.jpeg,0,26209
052600f1f93e952886d1697f8af9b550.jpeg,0,54878
0528810e9d05be942fd5dd0902e0db22.jpeg,42381,87849
054d694539ef2424a9218697283baa36.jpeg,0,18528
0676289b3e732adb4c5d1580670d78b9.jpeg,47214,0
069910ea2abe3c84417fda8019410b1f.jpeg,0,52013
06cb09d1fc6869d7b4193425b976973f.jpeg,0,38647
076135d76d0bbd4ce2a1405f7d507592.jpeg,0,18239
077bad31c8c5f54ffaa27a623511c389.jpeg,7238,0
07907941a8490fd7df8e26031fbb5e52.jpeg,0,17616
081835cf877e004e8bfb905b78a91391.jpeg,0,37492
085835c525af63a987f428c953248704.jpeg,0,253201
08cc3736e216b08d237285e26c90e179.jpeg,20959,0
08d237285e26c90e1797c77826f9a702.jpeg,0,110678
09384b57bb6a052600f1f93e952886d1.jpeg,0,37924
09817287a8aef566999467c2a48847ae.jpeg,0,139024
099130d98309817287a8aef566999467.jpeg,0,78091
09d1dff09b8405734fbeedd0f9da760d.jpeg,25628,0
09df7cd066b37f538abe9de67869ac66.jpeg,0,39127
0a1230b118fa8625605da2023387fd56.jpeg,0,124840
0a22abd004c33abf3ae2136cd9dd77ae.jpeg,0,23002
0a6085835c525af63a987f428c953248.jpeg,0,220356
0aa5f7804c34a359bbb402345d341253.jpeg,5370,0
0adabead1ae730831caf386f6e366943.jpeg,0,81283
0b1300cb1b387133b51209db6dcdda5c.jpeg,12987,0
0b47aa6b7b1fecb5579bf4a5ced589c4.jpeg,56490,0
0b9afea6923881bf04350ffd6984cbcc.jpeg,0,12808
0bbd4ce2a1405f7d507592b964b7955a.jpeg,0,41082
0bd55b1393e2ef89424de1556a26c8eb.jpeg,37839,241731
0bf0b5633059989805234e222e19769f.jpeg,0,66635
0bfd2a52829ab4e7568cb49a3c530b99.jpeg,0,94896
0c90be319e1d6d19a707a4fdcc58c9c9.jpeg,25691,0
0e1797c77826f9a7021bab9fc7330398.jpeg,0,47407
0e3b6d0bf0b5633059989805234e222e.jpeg,0,62545
0e85d064f787d4be168d9510588bec07.jpeg,0,26709
0eaf044301ff069910ea2abe3c84417f.jpeg,0,78548
0ebce6347c491b37c8c2e5a64a8bd16f.jpeg,0,155194
0f1536ad3f6a5664c1711b62f15ec83b.jpeg,0,93512
0f1f93e952886d1697f8af9b550c1bce.jpeg,0,34625
0f618d52893a23c466c16952b6692e6b.jpeg,54378,0
0fb9af0ef92846b60b1a38a1eecd70eb.jpeg,0,152230
10a38713b2aa6ce8d1cf6644589e532a.jpeg,8254,0
10b1fcf0625f608b4ce97629ab559b28.jpeg,0,377078
117c6599c6dc55c83a46ce2be9800e6c.jpeg,14173,0
11c4aa179344271fa54aa1b27918630b.jpeg,0,44574
11f025ba0e3b6d0bf0b5633059989805.jpeg,18641,0
12295dd542315b4c10e2b0e33fa12bfc.jpeg,0,94129
124dbc13ca0eaf044301ff069910ea2a.jpeg,0,51001
1276e3f404b79b6669075945dc8ec8f0.jpeg,0,34106
130a76ba2ea3ad774c0444718528404f.jpeg,17212,0
13ccf1f4b331a412fc44655fb51f809d.jpeg,0,13129
145a7d8d3b6c0ed754f28ca745212295.jpeg,0,46213
149398b798da48d679d7c7c8d3d96fb2.jpeg,40178,0
14fc58bdb26679bff55177a34fc01019.jpeg,0,48496
152b672ab3492fc6239c86a73f97dd52.jpeg,10821,0
15334875343f27ebc5d92b9076135d76.jpeg,0,33238
1573af7f31f04dc06992d92472facb34.jpeg,13628,0
15a51625559c7e610b1531871f2fd85a.jpeg,0,18372
15c88d81a4106de1bdb8f4c31cfc1c9d.jpeg,0,30952
163a745959c03983064a3eb4d49033c0.jpeg,0,9605
16d06046f5d8dd18841d318d1f625619.jpeg,0,35624
16d4ca6160127cd1d5ff99c267599fc4.jpeg,6420,15893
17287a8aef566999467c2a48847ae839.jpeg,0,36594
1743c6c08a1d1ad8f2c5f72724e00d82.jpeg,0,14588
177a34fc01019eec999fd84e679b05f9.jpeg,0,241071
17ba487d4878a9bf8a6f4d4987ea3b4b.jpeg,0,38140
17f87cf12b41e5e9e5040781d54ffd6a.jpeg,0,297777
18d52893a23c466c16952b6692e6be5e.jpeg,14230,0
18d5401f659532897255ce2dd4ae1b0f.jpeg,0,209537
18fa8625605da2023387fd56c04414ea.jpeg,0,22299
193ac8d551c149b60f2965341caf528c.jpeg,0,61201
19410b1fcf0625f608b4ce97629ab559.jpeg,0,57910
195f853af7f8a4df1ec859759b7c8743.jpeg,0,86283
19d9ae2a9833aa6b8232510939c091a7.jpeg,0,138984
1a65d2b46d0a6085835c525af63a987f.jpeg,0,188987
1b248d152b672ab3492fc6239c86a73f.jpeg,20051,0
1b9298e11bb07c70f3701ae6bcec5dd8.jpeg,24161,0
1b976b7a7efc10b1300cb1b387133b51.jpeg,0,12161
1c149b60f2965341caf528ca0adabead.jpeg,0,91344
1c4aa179344271fa54aa1b27918630bf.jpeg,35391,35404
1c74143555dbf9c4ebafbd9871ca68e0.jpeg,0,33411
1caf528ca0adabead1ae730831caf386.jpeg,0,24968
1cfc1c9d33f3a7b24423d5c7edd71817.jpeg,0,239645
1d4dc3ddad260bfcb4443de3ef69f6db.jpeg,0,160059
1d54ffd6a8ee924dbd70f618d52893a2.jpeg,0,89629
1db40939d9a2f94285ef2a23f9dbbb7b.jpeg,5184,67843
1e555525d4f09ce7270bfec57e441680.jpeg,19342,0
1efbafa0940efd09e941bb189a5dbc20.jpeg,54710,0
1f3cf29dff2864e2d89df283ecd59f91.jpeg,0,101449
1f625619d9ae2a9833aa6b8232510939.jpeg,15701,0
1f659532897255ce2dd4ae1b0f124dbc.jpeg,0,16050
1fcf0625f608b4ce97629ab559b28f39.jpeg,0,367792
1fd8bbf118acd7936140a2d5fc1443c4.jpeg,4069,24535
1ff069910ea2abe3c84417fda8019410.jpeg,0,52208
1ffb963e1713a8763b8318ecf467d7ad.jpeg,19262,0
20362736055807907941a8490fd7df8e.jpeg,0,47608
21fbbec5a215f0f235a823d5349ab65a.jpeg,42773,0
222e19769fa2d37d32780fd497e1c0e9.jpeg,2236,10140
225024da63fb9a76b92633408da4bcab.jpeg,0,40488
229db65646d81526eb91e2da9e6afaef.jpeg,0,55401
229fe1bce59ddf92e76900d229db6564.jpeg,0,311657
22af6b2da43f71d4dc3ddad260bfcb44.jpeg,0,192950
23099dd2eedba39099848c4425bf33b9.jpeg,0,12033
230b118fa8625605da2023387fd56c04.jpeg,0,27235
2315b4c10e2b0e33fa12bfcd6da15fc6.jpeg,0,152337
23387fd56c04414eaa922bca73d5379c.jpeg,0,67110
2345d341253851bc866ebe4d18d5401f.jpeg,0,175224
234e222e19769fa2d37d32780fd497e1.jpeg,0,57737
23c4eaf3372eae567c94ea04c603f909.jpeg,0,73711
24423d5c7edd718176ef3065837ced5c.jpeg,0,38593
24dbc13ca0eaf044301ff069910ea2ab.jpeg,0,130042
24dbd70f618d52893a23c466c16952b6.jpeg,0,56251
24e00d827b8bcf15050fb9af0ef92846.jpeg,0,21517
2510939c091a7915c942b2f94722af7f.jpeg,0,53990
251eedf26ed414a42bec7a5fdbaf2760.jpeg,0,14443
253851bc866ebe4d18d5401f65953289.jpeg,0,183466
255ce2dd4ae1b0f124dbc13ca0eaf044.jpeg,0,47017
25605da2023387fd56c04414eaa922bc.jpeg,0,93793
25af63a987f428c953248704ccdc265a.jpeg,0,31227
26231002ec4a1fe748f3085f1ce88cbd.jpeg,22755,0
269959350e7998934d417cb2eb1ef57a.jpeg,0,16716
26a6f23c5d6d5f35f66adf95b204727f.jpeg,0,175890
26f9a7021bab9fc7330398846f67b5df.jpeg,0,72231
276a476420655433a925101416ae101f.jpeg,9051,17934
276e3f404b79b6669075945dc8ec8f02.jpeg,0,41497
2780fd497e1c0e9082ea2c193ac8d551.jpeg,0,192457
2829ab4e7568cb49a3c530b99ec16e8b.jpeg,0,89094
284b8e6953ad88e16d4ca6160127cd1d.jpeg,29315,0
28559ba2bbb610fe8c30d660e70f44c2.jpeg,19978,0
2864e2d89df283ecd59f911f025ba0e3.jpeg,0,51728
28ca0adabead1ae730831caf386f6e36.jpeg,0,40030
28f39a546f6eeb0a13b346f09286c94c.jpeg,11354,0
296cc5cfd263f1f90be28799235026b3.jpeg,0,36239
298e11bb07c70f3701ae6bcec5dd8e74.jpeg,19681,0
2a23f9dbbb7bb39ba25b3887ffdc8d09.jpeg,4762,0
2a48e11d579d903c7d178f6ea0ad83b8.jpeg,0,30509
2a52829ab4e7568cb49a3c530b99ec16.jpeg,0,99679
2ab3492fc6239c86a73f97dd5277dd17.jpeg,0,23277
2abd004c33abf3ae2136cd9dd77aef5e.jpeg,0,25649
2abe3c84417fda8019410b1fcf0625f6.jpeg,0,247106
2af6b2da43f71d4dc3ddad260bfcb444.jpeg,15277,0
2b4eebc9e5a87e443434ac60af15041b.jpeg,4728,0
2b964b7955a1d7a36ccf1225024da63f.jpeg,0,66718
2bb3c7abacdbd7e6afd56ea7bc4ba26c.jpeg,5901,0
2be8379499640676289b3e732adb4c5d.jpeg,0,45838
2c41545ba55aadaa77712a48e11d579d.jpeg,9363,0
2cbbcfa4baf3866269959350e7998934.jpeg,0,35074
2d6157edc3d82df22c41b503dc19ce17.jpeg,7713,0
2d95e6c487ffa651b4774229fe1bce59.jpeg,0,90362
2da9e6afaef7fdb2d45b21960c94b0aa.jpeg,0,69149
2eb9d32a3dc907950289e976c7250de9.jpeg,15864,0
2f514f401ea0bd55b1393e2ef89424de.jpeg,12896,0
2f94722af7f63cd771e7606cb09d1fc6.jpeg,0,57348
2fa602bb3c7abacdbd7e6afd56ea7bc4.jpeg,0,36815
301ff069910ea2abe3c84417fda80194.jpeg,0,62090
305af926a6f23c5d6d5f35f66adf95b2.jpeg,0,125313
30831caf386f6e366943c17f87cf12b4.jpeg,0,62067
309817287a8aef566999467c2a48847a.jpeg,0,83409
309d1dff09b8405734fbeedd0f9da760.jpeg,18478,0
30ed08f25358edf70899344dae61a5f5.jpeg,4348,0
31871f2fd85a04faeeb2b53579739530.jpeg,13807,70334
32897255ce2dd4ae1b0f124dbc13ca0e.jpeg,13753,0
3297c819c908954bb13d3727c7e5e106.jpeg,0,34376
33059989805234e222e19769fa2d37d3.jpeg,0,26846
33408da4bcab47c3fb256f174ae992b9.jpeg,0,12239
337948a41964c1d4f50a5f3601ad4f13.jpeg,0,68895
3387fd56c04414eaa922bca73d5379c7.jpeg,0,58060
33aa6b8232510939c091a7915c942b2f.jpeg,0,48204
33fa12bfcd6da15fc656702fa602bb3c.jpeg,0,62835
3408da4bcab47c3fb256f174ae992b91.jpeg,0,13911
340aa5f7804c34a359bbb402345d3412.jpeg,0,27514
342865f6c240449ad43fe2cd066b9fdb.jpeg,0,70641
3492fc6239c86a73f97dd5277dd17ba4.jpeg,0,14201
34e222e19769fa2d37d32780fd497e1c.jpeg,11908,79670
35d76d0bbd4ce2a1405f7d507592b964.jpeg,0,28502
35f66adf95b204727fdcfa030228a69b.jpeg,0,60027
366943c17f87cf12b41e5e9e5040781d.jpeg,0,61197
367f150f68fa7ee0ca748f990aeafa35.jpeg,17064,0
36ccf1225024da63fb9a76b92633408d.jpeg,0,21852
3725a8bbcc89c96ddca6ee1af35b65bd.jpeg,0,37326
3736e216b08d237285e26c90e1797c77.jpeg,0,84666
376290081835cf877e004e8bfb905b78.jpeg,0,124439
37705c1e555525d4f09ce7270bfec57e.jpeg,61637,0
37f538abe9de67869ac66e565c5d4340.jpeg,0,17261
38485beb48f0be11d0309d1dff09b840.jpeg,21333,0
384eb2ba3adfda6c1899fdc983762900.jpeg,0,96267
38713b2aa6ce8d1cf6644589e532a9ee.jpeg,17204,0
3881bf04350ffd6984cbcc6d6bf62f21.jpeg,0,33197
38a1eecd70ebce6347c491b37c8c2e5a.jpeg,0,15889
38aa0ef759a3a33a0565586918cd5eb8.jpeg,8218,0
39099848c4425bf33b9b001c13a3d810.jpeg,4987,0
393e2ef89424de1556a26c8eba4c1db1.jpeg,25636,0
395305af926a6f23c5d6d5f35f66adf9.jpeg,0,27761
3983064a3eb4d49033c03b0af70cc0f6.jpeg,0,193816
3983ebff13a2da7be59a5529406ac1c9.jpeg,0,80055
39a76eaf622c3b3e57249fe9959a8070.jpeg,0,325030
39c091a7915c942b2f94722af7f63cd7.jpeg,0,51365
39d9a2f94285ef2a23f9dbbb7bb39ba2.jpeg,26811,0
3a7b24423d5c7edd718176ef3065837c.jpeg,0,49164
3abf3ae2136cd9dd77aef5ef26a77ecc.jpeg,0,99968
3ad88e16d4ca6160127cd1d5ff99c267.jpeg,0,58571
3b0af70cc0f6d32b726342865f6c2404.jpeg,0,85635
3b0e4909384b57bb6a052600f1f93e95.jpeg,0,25387
3b28163a745959c03983064a3eb4d490.jpeg,0,271612
3b3e57249fe9959a80703003d2cbbcfa.jpeg,0,33559
3b51209db6dcdda5cc8a788edaeb6aa4.jpeg,20912,0
3b8cac03290f1b976b7a7efc10b1300c.jpeg,0,289769
3b97bb11e8e0c4416c1931960ff3574f.jpeg,0,18337
3c5d6d5f35f66adf95b204727fdcfa03.jpeg,14386,125734
3ca0eaf044301ff069910ea2abe3c844.jpeg,0,39811
3d46e602b296cc5cfd263f1f90be2879.jpeg,0,16821
3d5379c7c851a508273160e13bac7541.jpeg,0,48901
3de79be0dba1f3cf29dff2864e2d89df.jpeg,0,116533
3e732adb4c5d1580670d78b9d054d694.jpeg,0,71450
3ea1dd1faa864b404e18eeb228517f47.jpeg,17440,0
3f1f90be28799235026b3550534bca54.jpeg,0,50916
3f6a5664c1711b62f15ec83b97bb11e8.jpeg,0,68588
3f909df7cd066b37f538abe9de67869a.jpeg,0,44328
3fa12bfcd6da15fc656702fa602bb3c7.jpeg,0,55294
3fb256f174ae992b915a51625559c7e6.jpeg,0,17209
3fb9a76b92633408da4bcab47c3fb256.jpeg,0,84730
404b79b6669075945dc8ec8f02000f9b.jpeg,0,65086
40676289b3e732adb4c5d1580670d78b.jpeg,33832,0
408cc3736e216b08d237285e26c90e17.jpeg,25477,0
40e24f489284b8e6953ad88e16d4ca61.jpeg,0,59127
41545ba55aadaa77712a48e11d579d90.jpeg,4253,0
41680cab5509b367b7048eb17aeed141.jpeg,0,20115
41a8490fd7df8e26031fbb5e52c41545.jpeg,0,23837
42315b4c10e2b0e33fa12bfcd6da15fc.jpeg,0,48255
424a9218697283baa3657e4314fe384e.jpeg,41673,0
424de1556a26c8eba4c1db1a0b47aa6b.jpeg,8352,0
4284d7a5b6b0449922d6157edc3d82df.jpeg,8267,16613
42b2f94722af7f63cd771e7606cb09d1.jpeg,0,35733
43c61a01e80947f9c02314fc58bdb266.jpeg,0,169135
441680cab5509b367b7048eb17aeed14.jpeg,0,338973
4425bf33b9b001c13a3d810b000db557.jpeg,53025,0
44271fa54aa1b27918630bfd2a52829a.jpeg,0,254024
443de3ef69f6db034099130d98309817.jpeg,0,129740
449922d6157edc3d82df22c41b503dc1.jpeg,0,28126
449ad43fe2cd066b9fdbc3bbc04a3afe.jpeg,0,23487
4539ef2424a9218697283baa3657e431.jpeg,0,53414
45d73912c4fd31aaeec7b426bacd147a.jpeg,10193,21289
45dc8ec8f02000f9b6c911c4aa179344.jpeg,0,45880
45e304fb82cc3fb177a55b61dedb5eda.jpeg,5248,0
465efde988dfb96d0815334875343f27.jpeg,0,86899
466c16952b6692e6be5e8f14e1e0ae93.jpeg,0,71674
467e5cbc04772d9e593b6be1ac29adbe.jpeg,20055,0
46d0a6085835c525af63a987f428c953.jpeg,0,21407
46f5d8dd18841d318d1f625619d9ae2a.jpeg,13385,0
4774229fe1bce59ddf92e76900d229db.jpeg,0,73447
47953b0e4909384b57bb6a052600f1f9.jpeg,0,36974
47c491b37c8c2e5a64a8bd16f2523acf.jpeg,0,27873
47f9c02314fc58bdb26679bff55177a3.jpeg,0,205502
4837f2a0f1536ad3f6a5664c1711b62f.jpeg,0,91198
48704ccdc265a0b0a1230b118fa86256.jpeg,0,16884
489284b8e6953ad88e16d4ca6160127c.jpeg,0,87392
491b37c8c2e5a64a8bd16f2523acfd87.jpeg,0,76016
497e1c0e9082ea2c193ac8d551c149b6.jpeg,0,17620
4a17af18f72c8e6166a915669c99390d.jpeg,6292,32041
4a1e4062d81e095fdc7f720eff82f514.jpeg,12452,0
4a3eb4d49033c03b0af70cc0f6d32b72.jpeg,0,20661
4af626650908b1cb932a767bf5487ced.jpeg,35283,0
4b5dec33fd6aab9f0df70e20bccce75a.jpeg,63684,0
4bcab47c3fb256f174ae992b915a5162.jpeg,0,24451
4be168d9510588bec07c38c5d07e6080.jpeg,0,22509
4bf951276e3f404b79b6669075945dc8.jpeg,0,31427
4c1d4f50a5f3601ad4f13ccf1f4b331a.jpeg,0,21364
4c31cfc1c9d33f3a7b24423d5c7edd71.jpeg,0,24795
4c34a359bbb402345d341253851bc866.jpeg,0,62690
4d6c748c41743c6c08a1d1ad8f2c5f72.jpeg,0,211362
4da63fb9a76b92633408da4bcab47c3f.jpeg,0,25911
4eaf3372eae567c94ea04c603f909df7.jpeg,16536,0
4ebafbd9871ca68e0d4bcbe0f5192e72.jpeg,219590,0
4ec3d46e602b296cc5cfd263f1f90be2.jpeg,0,18424
4f4999a2e79fbc24ef8cde99f0444123.jpeg,14161,0
4f50a5f3601ad4f13ccf1f4b331a412f.jpeg,0,90010
4fc58bdb26679bff55177a34fc01019e.jpeg,0,108323
4fd7da881fe4727080cae6daedd98951.jpeg,47485,0
5050fb9af0ef92846b60b1a38a1eecd7.jpeg,0,46775
509b367b7048eb17aeed141edb07bf21.jpeg,0,283502
50c1bce23b1fdd80af3feff05dec1eb3.jpeg,0,23451
50e4e40d61c9248a714683983ebff13a.jpeg,12588,41194
50ffd6984cbcc6d6bf62f215f0da4ad3.jpeg,0,59342
51c149b60f2965341caf528ca0adabea.jpeg,0,174944
51eedf26ed414a42bec7a5fdbaf27600.jpeg,33177,0
52a9fd5decebad6c688b8ec74baddc22.jpeg,0,47370
53248704ccdc265a0b0a1230b118fa86.jpeg,0,12158
532897255ce2dd4ae1b0f124dbc13ca0.jpeg,0,71701
5341caf528ca0adabead1ae730831caf.jpeg,0,64846
535797395305af926a6f23c5d6d5f35f.jpeg,0,164357
536ad3f6a5664c1711b62f15ec83b97b.jpeg,0,133596
538485beb48f0be11d0309d1dff09b84.jpeg,19818,0
53851bc866ebe4d18d5401f659532897.jpeg,0,109655
5401f659532897255ce2dd4ae1b0f124.jpeg,0,44973
540e24f489284b8e6953ad88e16d4ca6.jpeg,0,73173
5433a925101416ae101f07b34db8907f.jpeg,14486,0
543f0dc6b7268821d173263d7be7e12d.jpeg,0,61663
54b594bb3e598b6a79fb9fd78a02d24a.jpeg,15796,0
54bf951276e3f404b79b6669075945dc.jpeg,0,136722
550534bca540e24f489284b8e6953ad8.jpeg,0,62639
55ce2dd4ae1b0f124dbc13ca0eaf0443.jpeg,0,132552
56025866e15c4d0e0a4ceed0afc48dbd.jpeg,19113,0
5605da2023387fd56c04414eaa922bca.jpeg,0,24640
5646d81526eb91e2da9e6afaef7fdb2d.jpeg,0,44963
565c5d4340aa5f7804c34a359bbb4023.jpeg,0,68134
56ea7bc4ba26c86b345408cc3736e216.jpeg,0,76933
56f174ae992b915a51625559c7e610b1.jpeg,0,110212
57249fe9959a80703003d2cbbcfa4baf.jpeg,0,83025
57bb6a052600f1f93e952886d1697f8a.jpeg,0,56509
580670d78b9d054d694539ef2424a921.jpeg,0,46263
588bec07c38c5d07e6080779715c88d8.jpeg,0,34107
58bdb26679bff55177a34fc01019eec9.jpeg,0,58860
5959c03983064a3eb4d49033c03b0af7.jpeg,0,26011
59989805234e222e19769fa2d37d3278.jpeg,26872,0
59ba2bbb610fe8c30d660e70f44c2b89.jpeg,14733,0
59bbb402345d341253851bc866ebe4d1.jpeg,0,308377
59ddf92e76900d229db65646d81526eb.jpeg,0,179532
5a0b0a1230b118fa8625605da2023387.jpeg,0,145636
5a1d7a36ccf1225024da63fb9a76b926.jpeg,0,57576
5a64a8bd16f2523acfd87d330a5a97b8.jpeg,0,106347
5a793c4a1e4062d81e095fdc7f720eff.jpeg,12324,0
5a9a8a8d7fcc9df8e5ad89d2844837f2.jpeg,101397,0
5af63a987f428c953248704ccdc265a0.jpeg,0,6123
5b1393e2ef89424de1556a26c8eba4c1.jpeg,52454,0
5b4c10e2b0e33fa12bfcd6da15fc6567.jpeg,0,24728
5c3dbc695325ded465efde988dfb96d0.jpeg,0,17357
5c942b2f94722af7f63cd771e7606cb0.jpeg,0,25763
5ca159410b9fdbdd46f680afdd43725a.jpeg,57697,0
5cc8a788edaeb6aa460a22abd004c33a.jpeg,0,83212
5d1580670d78b9d054d694539ef2424a.jpeg,0,85205
5d341253851bc866ebe4d18d5401f659.jpeg,0,370060
5d52941e2705bf4d2ccdc92fcae40458.jpeg,13227,0
5da2023387fd56c04414eaa922bca73d.jpeg,0,147868
5dbf9c4ebafbd9871ca68e0d4bcbe0f5.jpeg,0,30163
5dd8c9431f046f281796061a924f2cc0.jpeg,2031,72319
5decebad6c688b8ec74baddc22268d4b.jpeg,0,26554
5ded465efde988dfb96d081533487534.jpeg,0,58639
5e04f4999a2e79fbc24ef8cde99f0444.jpeg,17432,0
5e1069646f2f0bb8dc11d4f50e412144.jpeg,0,18759
5f66adf95b204727fdcfa030228a69b9.jpeg,0,28784
5fa095f978455cef3593cef221b7a23b.jpeg,15340,0
5fdc7f720eff82f514f401ea0bd55b13.jpeg,5823,0
6000fdd3a3c17a94fd7da881fe472708.jpeg,24713,0
602b296cc5cfd263f1f90be287992350.jpeg,0,12675
606cb09d1fc6869d7b4193425b976973.jpeg,0,218501
608b4ce97629ab559b28f39a546f6eeb.jpeg,0,63989
60a22abd004c33abf3ae2136cd9dd77a.jpeg,0,41767
60b1a38a1eecd70ebce6347c491b37c8.jpeg,0,46310
60f2965341caf528ca0adabead1ae730.jpeg,0,90665
61a01e80947f9c02314fc58bdb26679b.jpeg,0,207445
6239c86a73f97dd5277dd17ba487d487.jpeg,0,36916
629ab559b28f39a546f6eeb0a13b346f.jpeg,0,59056
63a987f428c953248704ccdc265a0b0a.jpeg,0,10229
646d81526eb91e2da9e6afaef7fdb2d4.jpeg,0,82729
646f2f0bb8dc11d4f50e412144f0496b.jpeg,0,31693
64a3eb4d49033c03b0af70cc0f6d32b7.jpeg,0,54530
64c1d4f50a5f3601ad4f13ccf1f4b331.jpeg,0,20116
64cdc70626ab4ec3d46e602b296cc5cf.jpeg,0,34580
65341caf528ca0adabead1ae730831ca.jpeg,0,25922
65586918cd5eb80e67c9c8d5ce0c9495.jpeg,11591,0
65ddfd1518a2710d568df17586ad8f32.jpeg,0,46347
66943c17f87cf12b41e5e9e5040781d5.jpeg,40616,0
66999467c2a48847ae8395e56a6d9ba9.jpeg,0,131353
66e15c4d0e0a4ceed0afc48dbdf68c4e.jpeg,4745,0
670d78b9d054d694539ef2424a921869.jpeg,24474,0
683543f0dc6b7268821d173263d7be7e.jpeg,0,36797
68c030b9afea6923881bf04350ffd698.jpeg,32136,0
68cb49a3c530b99ec16e8b659fdc988a.jpeg,730,15965
68f9d4c331587f9b9d49e2f4ee179798.jpeg,559441,0
6900d229db65646d81526eb91e2da9e6.jpeg,0,12494
69075945dc8ec8f02000f9b6c911c4aa.jpeg,0,90617
6923881bf04350ffd6984cbcc6d6bf62.jpeg,0,24367
694c7a8607b26231002ec4a1fe748f30.jpeg,6255,0
695325ded465efde988dfb96d0815334.jpeg,0,149557
6953ad88e16d4ca6160127cd1d5ff99c.jpeg,0,40659
697283baa3657e4314fe384eb2ba3adf.jpeg,0,97229
697f8af9b550c1bce23b1fdd80af3fef.jpeg,0,20426
6999467c2a48847ae8395e56a6d9ba9d.jpeg,0,42183
69ac66e565c5d4340aa5f7804c34a359.jpeg,0,86726
6aa73b7f23de79be0dba1f3cf29dff28.jpeg,0,116117
6b2da43f71d4dc3ddad260bfcb4443de.jpeg,46503,0
6b92633408da4bcab47c3fb256f174ae.jpeg,0,16963
6c04414eaa922bca73d5379c7c851a50.jpeg,0,35004
6c08a1d1ad8f2c5f72724e00d827b8bc.jpeg,0,48730
6c487ffa651b4774229fe1bce59ddf92.jpeg,0,96268
6c688b8ec74baddc22268d4b4ef4d95c.jpeg,0,23224
6c6f4f219688c7e39b3608a3d372b89e.jpeg,46180,0
6d06046f5d8dd18841d318d1f625619d.jpeg,15121,0
6db034099130d98309817287a8aef566.jpeg,0,53026
6dc55c83a46ce2be9800e6c6f4f21968.jpeg,0,6463
6dde14f129dc9bac4af05b1c40a6615f.jpeg,53092,0
6df5630c2f4fc276ed9f178dc2f4af62.jpeg,49259,0
6e9bd5f0d1fd8bbf118acd7936140a2d.jpeg,0,120500
6eb91e2da9e6afaef7fdb2d45b21960c.jpeg,0,63586
6ef3065837ced5c7e06678d2a72ddff0.jpeg,0,45780
6f5d8dd18841d318d1f625619d9ae2a9.jpeg,4816,0
6fb2b87fbbcfdfb3ea1dd1faa864b404.jpeg,34775,0
7021bab9fc7330398846f67b5df7cdf3.jpeg,0,69747
707a4fdcc58c9c990b4e2a6e51d077ba.jpeg,6075,25634
70866fd3c396490cf7bdbdb19b7afea1.jpeg,10800,0
70f3701ae6bcec5dd8e74f182086c88b.jpeg,42980,0
713a8763b8318ecf467d7ad048df39be.jpeg,13260,0
71d4dc3ddad260bfcb4443de3ef69f6d.jpeg,0,84160
7285e26c90e1797c77826f9a7021bab9.jpeg,0,90013
7285f1a5c73ef2620b4a15c4be73749a.jpeg,25209,0
72eae567c94ea04c603f909df7cd066b.jpeg,0,64175
72f65ddfd1518a2710d568df17586ad8.jpeg,0,95139
730831caf386f6e366943c17f87cf12b.jpeg,0,46126
7395305af926a6f23c5d6d5f35f66adf.jpeg,0,28077
74868eb60861ee1ff0b8a4f6b85d841f.jpeg,17300,0
749a0d21db70dd094a7f32574d6c748c.jpeg,0,42997
74d32ab35c9c40e48620fad66c39a6d3.jpeg,7488,0
74d6c748c41743c6c08a1d1ad8f2c5f7.jpeg,0,129222
752a9fd5decebad6c688b8ec74baddc2.jpeg,0,109316
754f28ca745212295dd542315b4c10e2.jpeg,0,33222
75945dc8ec8f02000f9b6c911c4aa179.jpeg,0,27422
75a793c4a1e4062d81e095fdc7f720ef.jpeg,26244,0
76135d76d0bbd4ce2a1405f7d507592b.jpeg,42193,0
7629ab559b28f39a546f6eeb0a13b346.jpeg,5827,5760
763bdfb928d788e4237a32841b23099d.jpeg,16851,0
76900d229db65646d81526eb91e2da9e.jpeg,0,85291
769fa2d37d32780fd497e1c0e9082ea2.jpeg,0,58147
76b92633408da4bcab47c3fb256f174a.jpeg,0,36123
76b9a1db782ca0a994927d8d739c25f1.jpeg,0,75415
76d0bbd4ce2a1405f7d507592b964b79.jpeg,0,98641
76ed9f178dc2f4af626650908b1cb932.jpeg,48331,0
7712a48e11d579d903c7d178f6ea0ad8.jpeg,0,27934
771e7606cb09d1fc6869d7b4193425b9.jpeg,0,173489
774229fe1bce59ddf92e76900d229db6.jpeg,0,216752
77826f9a7021bab9fc7330398846f67b.jpeg,0,118860
77dd17ba487d4878a9bf8a6f4d4987ea.jpeg,21269,0
78a91391adc0bb223c4eaf3372eae567.jpeg,22698,0
78dc2f4af626650908b1cb932a767bf5.jpeg,10441,0
7915c942b2f94722af7f63cd771e7606.jpeg,0,42608
7918630bfd2a52829ab4e7568cb49a3c.jpeg,0,93986
79344271fa54aa1b27918630bfd2a528.jpeg,41067,34265
7953b0e4909384b57bb6a052600f1f93.jpeg,0,103262
7955a1d7a36ccf1225024da63fb9a76b.jpeg,0,102057
7979870116d06046f5d8dd18841d318d.jpeg,0,32892
799235026b3550534bca540e24f48928.jpeg,0,34225
79be0dba1f3cf29dff2864e2d89df283.jpeg,0,64049
79d7c7c8d3d96fb2b87fbbcfdfb3ea1d.jpeg,35242,0
7ad649676a1d6240619ebebe9e9c9d00.jpeg,11548,0
7ae8395e56a6d9ba9d45c3dbc695325d.jpeg,11797,23405
7b34db8907f74aefafdacfbed351db40.jpeg,25749,0
7b4193425b976973f13dd311a65d2b46.jpeg,0,13430
7b8bcf15050fb9af0ef92846b60b1a38.jpeg,0,27917
7c2a48847ae8395e56a6d9ba9d45c3db.jpeg,0,36037
7c38c5d07e6080779715c88d81a4106d.jpeg,0,18861
7c8743c61a01e80947f9c02314fc58bd.jpeg,0,167642
7d4c9ac32dd04cf2a6a01668d0ceca24.jpeg,10071,0
7d507592b964b7955a1d7a36ccf12250.jpeg,0,93479
7dd17ba487d4878a9bf8a6f4d4987ea3.jpeg,43295,0
7dd5277dd17ba487d4878a9bf8a6f4d4.jpeg,6064,0
7e4314fe384eb2ba3adfda6c1899fdc9.jpeg,39102,0
7e6080779715c88d81a4106de1bdb8f4.jpeg,0,27597
7e6afd56ea7bc4ba26c86b345408cc37.jpeg,0,162795
7f23de79be0dba1f3cf29dff2864e2d8.jpeg,0,72115
7f538abe9de67869ac66e565c5d4340a.jpeg,0,52492
7f720eff82f514f401ea0bd55b1393e2.jpeg,7504,0
7f8a4df1ec859759b7c8743c61a01e80.jpeg,0,193996
7f9b9d49e2f4ee17979870116d06046f.jpeg,5773,0
7fdcfa030228a69b99df08854bf95127.jpeg,0,247126
7ffa651b4774229fe1bce59ddf92e769.jpeg,0,65130
800c683ca4074c2f49c6f0fca6a4248a.jpeg,6409,0
802cf912d7aa982e29fb841ad9698b3c.jpeg,0,11977
80703003d2cbbcfa4baf386626995935.jpeg,0,14962
80779715c88d81a4106de1bdb8f4c31c.jpeg,0,22876
80cab5509b367b7048eb17aeed141edb.jpeg,0,29834
81e095fdc7f720eff82f514f401ea0bd.jpeg,12695,0
81fe4727080cae6daedd989517cb8041.jpeg,19943,0
8232510939c091a7915c942b2f94722a.jpeg,0,66662
833aa6b8232510939c091a7915c942b2.jpeg,17665,0
835c525af63a987f428c953248704ccd.jpeg,0,18236
835cf877e004e8bfb905b78a91391adc.jpeg,0,224725
8379499640676289b3e732adb4c5d158.jpeg,0,27899
837f2a0f1536ad3f6a5664c1711b62f1.jpeg,0,32199
839a76eaf622c3b3e57249fe9959a807.jpeg,0,83246
83d1d25aa396694c7a8607b26231002e.jpeg,67208,0
83ecd59f911f025ba0e3b6d0bf0b5633.jpeg,0,16500
841d318d1f625619d9ae2a9833aa6b82.jpeg,24202,0
8489f25621ee6b2905cb608d298528ce.jpeg,17287,0
8490fd7df8e26031fbb5e52c41545ba5.jpeg,0,44884
84b5dec33fd6aab9f0df70e20bccce75.jpeg,33405,0
84eb2ba3adfda6c1899fdc9837629008.jpeg,0,47460
852ba517fa9498f7b9d151055ea9b16b.jpeg,154124,0
865f6c240449ad43fe2cd066b9fdbc3b.jpeg,0,67267
866269959350e7998934d417cb2eb1ef.jpeg,0,49533
8683543f0dc6b7268821d173263d7be7.jpeg,0,57138
86a73f97dd5277dd17ba487d4878a9bf.jpeg,0,33899
86f6e366943c17f87cf12b41e5e9e504.jpeg,0,42258
871ca68e0d4bcbe0f5192e72f65ddfd1.jpeg,58016,0
874c68c030b9afea6923881bf04350ff.jpeg,10320,0
877e004e8bfb905b78a91391adc0bb22.jpeg,0,102176
87cf12b41e5e9e5040781d54ffd6a8ee.jpeg,0,18004
87d4878a9bf8a6f4d4987ea3b4bae567.jpeg,0,8593
87ffdc8d09d1185e04f4999a2e79fbc2.jpeg,13788,0
8841d318d1f625619d9ae2a9833aa6b8.jpeg,13154,0
8846f67b5df7cdf3f33c3ca4d5060a63.jpeg,87315,0
886d1697f8af9b550c1bce23b1fdd80a.jpeg,0,6068
88aa03c2820362736055807907941a84.jpeg,0,23690
893a23c466c16952b6692e6be5e8f14e.jpeg,0,132088
89805234e222e19769fa2d37d32780fd.jpeg,20794,0
89df283ecd59f911f025ba0e3b6d0bf0.jpeg,0,53657
8a1eecd70ebce6347c491b37c8c2e5a6.jpeg,0,131764
8a2710d568df17586ad8f3297c819c90.jpeg,0,37342
8a9bf8a6f4d4987ea3b4bae5672a2301.jpeg,15934,0
8aef566999467c2a48847ae8395e56a6.jpeg,0,81163
8b2be8379499640676289b3e732adb4c.jpeg,0,113103
8c41743c6c08a1d1ad8f2c5f72724e00.jpeg,0,39696
8c5f54ffaa27a623511c38948af83d1d.jpeg,8443,0
8c9431f046f281796061a924f2cc01dd.jpeg,1360,245465
8ca0adabead1ae730831caf386f6e366.jpeg,0,9739
8ca745212295dd542315b4c10e2b0e33.jpeg,0,13183
8cb49a3c530b99ec16e8b659fdc988a3.jpeg,0,93156
8d3b6c0ed754f28ca745212295dd5423.jpeg,0,142641
8d3d96fb2b87fbbcfdfb3ea1dd1faa86.jpeg,21530,0
8da4bcab47c3fb256f174ae992b915a5.jpeg,7620,0
8df9da738683543f0dc6b7268821d173.jpeg,0,86607
8e5ad89d2844837f2a0f1536ad3f6a56.jpeg,0,34122
8ee924dbd70f618d52893a23c466c169.jpeg,0,110339
8f02000f9b6c911c4aa179344271fa54.jpeg,0,25336
8f2c5f72724e00d827b8bcf15050fb9a.jpeg,0,45533
90be28799235026b3550534bca540e24.jpeg,0,43239
910ea2abe3c84417fda8019410b1fcf0.jpeg,0,58965
911f025ba0e3b6d0bf0b563305998980.jpeg,0,20085
912c4fd31aaeec7b426bacd147ad6496.jpeg,25023,0
91adc0bb223c4eaf3372eae567c94ea0.jpeg,0,52602
922af6b2da43f71d4dc3ddad260bfcb4.jpeg,0,221410
925eb8e72a8438aa0ef759a3a33a0565.jpeg,32184,0
926a6f23c5d6d5f35f66adf95b204727.jpeg,0,64147
927d8d739c25f1ed7a64d0efccacf464.jpeg,11802,0
92846b60b1a38a1eecd70ebce6347c49.jpeg,0,17783
92b964b7955a1d7a36ccf1225024da63.jpeg,0,61378
92e72f65ddfd1518a2710d568df17586.jpeg,0,76586
9350e7998934d417cb2eb1ef57af2ed9.jpeg,0,19863
93a23c466c16952b6692e6be5e8f14e1.jpeg,0,167010
93c4a1e4062d81e095fdc7f720eff82f.jpeg,16051,0
93e952886d1697f8af9b550c1bce23b1.jpeg,0,34498
9424de1556a26c8eba4c1db1a0b47aa6.jpeg,8923,9120
947f9c02314fc58bdb26679bff55177a.jpeg,22473,0
948a41964c1d4f50a5f3601ad4f13ccf.jpeg,0,23380
9499640676289b3e732adb4c5d158067.jpeg,0,79308
94abb47953b0e4909384b57bb6a05260.jpeg,21814,20795
94ea04c603f909df7cd066b37f538abe.jpeg,0,41487
952886d1697f8af9b550c1bce23b1fdd.jpeg,0,15801
952b6692e6be5e8f14e1e0ae936de314.jpeg,0,191044
953248704ccdc265a0b0a1230b118fa8.jpeg,0,9276
954a51c9bf1440f929906d164fe7b83a.jpeg,20165,0
95dd542315b4c10e2b0e33fa12bfcd6d.jpeg,0,128534
960c94b0aab4c024a573c692195f853a.jpeg,34968,120272
963e1713a8763b8318ecf467d7ad048d.jpeg,4598,0
97f8af9b550c1bce23b1fdd80af3feff.jpeg,0,35272
9833aa6b8232510939c091a7915c942b.jpeg,0,119835
984cbcc6d6bf62f215f0da4ad3a7ab8d.jpeg,0,18383
987f428c953248704ccdc265a0b0a123.jpeg,0,48760
99130d98309817287a8aef566999467c.jpeg,0,84800
994927d8d739c25f1ed7a64d0efccacf.jpeg,0,88126
9954a51c9bf1440f929906d164fe7b83.jpeg,11271,0
99fdc98376290081835cf877e004e8bf.jpeg,0,49316
9a1db782ca0a994927d8d739c25f1ed7.jpeg,0,216628
9a3a33a0565586918cd5eb80e67c9c8d.jpeg,17664,0
9a76eaf622c3b3e57249fe9959a80703.jpeg,0,114497
9ab4e7568cb49a3c530b99ec16e8b659.jpeg,0,17521
9ac66e565c5d4340aa5f7804c34a359b.jpeg,0,26372
9b28f39a546f6eeb0a13b346f09286c9.jpeg,6799,252243
9b6c911c4aa179344271fa54aa1b2791.jpeg,0,103005
9b99df08854bf951276e3f404b79b666.jpeg,0,30476
9bbb402345d341253851bc866ebe4d18.jpeg,0,34333
9c02314fc58bdb26679bff55177a34fc.jpeg,0,65741
9c7c851a508273160e13bac754142447.jpeg,0,50858
9c990b4e2a6e51d077bad31c8c5f54ff.jpeg,29544,0
9ccf01a1b73b5f8ef0693db713abd61d.jpeg,2550,17693
9d054d694539ef2424a9218697283baa.jpeg,77504,0
9d2844837f2a0f1536ad3f6a5664c171.jpeg,0,61993
9d33f3a7b24423d5c7edd718176ef306.jpeg,0,78196
9d45c3dbc695325ded465efde988dfb9.jpeg,0,61041
9d9ae2a9833aa6b8232510939c091a79.jpeg,0,168852
9de67869ac66e565c5d4340aa5f7804c.jpeg,0,105628
9df283ecd59f911f025ba0e3b6d0bf0b.jpeg,0,44221
9e5040781d54ffd6a8ee924dbd70f618.jpeg,0,53325
9f21b248d152b672ab3492fc6239c86a.jpeg,0,87018
9fbb63b28163a745959c03983064a3eb.jpeg,0,22466
9fd5decebad6c688b8ec74baddc22268.jpeg,0,84123
9fdc98376290081835cf877e004e8bfb.jpeg,0,141762
a032554b5eb4fcf0130a76ba2ea3ad77.jpeg,14786,0
a04c603f909df7cd066b37f538abe9de.jpeg,0,52289
a052600f1f93e952886d1697f8af9b55.jpeg,0,90578
a0565586918cd5eb80e67c9c8d5ce0c9.jpeg,54753,0
a0a994927d8d739c25f1ed7a64d0efcc.jpeg,0,123448
a0ad83b8cac03290f1b976b7a7efc10b.jpeg,0,40968
a0b0a1230b118fa8625605da2023387f.jpeg,0,23251
a0b47aa6b7b1fecb5579bf4a5ced589c.jpeg,159861,0
a0d21db70dd094a7f32574d6c748c417.jpeg,0,522779
a0ef759a3a33a0565586918cd5eb80e6.jpeg,13015,0
a168142937a1155149398b798da48d67.jpeg,27950,0
a1d1ad8f2c5f72724e00d827b8bcf150.jpeg,12112,0
a25b3887ffdc8d09d1185e04f4999a2e.jpeg,20612,0
a26c86b345408cc3736e216b08d23728.jpeg,32248,0
a26c8eba4c1db1a0b47aa6b7b1fecb55.jpeg,44508,0
a2ac9e88b2be8379499640676289b3e7.jpeg,0,55007
a2bbb610fe8c30d660e70f44c2b89cc0.jpeg,38959,0
a34fc01019eec999fd84e679b05f9a5e.jpeg,0,27930
a39099848c4425bf33b9b001c13a3d81.jpeg,4595,0
a3adfda6c1899fdc98376290081835cf.jpeg,0,152709
a3bb0e5ca159410b9fdbdd46f680afdd.jpeg,0,28388
a412fc44655fb51f809d3ddb54343665.jpeg,0,24864
a46ce2be9800e6c6f4f219688c7e39b3.jpeg,15754,0
a4baf3866269959350e7998934d417cb.jpeg,0,33986
a4df1ec859759b7c8743c61a01e80947.jpeg,0,79810
a54aa1b27918630bfd2a52829ab4e756.jpeg,0,226282
a55aadaa77712a48e11d579d903c7d17.jpeg,2922,0
a59c7de13a35276a476420655433a925.jpeg,10329,0
a64a8bd16f2523acfd87d330a5a97b8e.jpeg,0,64392
a65d2b46d0a6085835c525af63a987f4.jpeg,0,26019
a760db74a29abdb047dc0cbb58aa0325.jpeg,19816,16380
a77ecc564cdc70626ab4ec3d46e602b2.jpeg,0,46842
a7ab8df9da738683543f0dc6b7268821.jpeg,0,87074
a7b24423d5c7edd718176ef3065837ce.jpeg,0,23788
a80703003d2cbbcfa4baf38662699593.jpeg,0,21382
a8aef566999467c2a48847ae8395e56a.jpeg,0,60618
a8bd16f2523acfd87d330a5a97b8eb5a.jpeg,0,50605
a8ee924dbd70f618d52893a23c466c16.jpeg,0,81983
a9218697283baa3657e4314fe384eb2b.jpeg,0,79224
a95e926dde14f129dc9bac4af05b1c40.jpeg,0,37095
aa179344271fa54aa1b27918630bfd2a.jpeg,16815,0
aa1b27918630bfd2a52829ab4e7568cb.jpeg,0,199243
aa27a623511c38948af83d1d25aa3966.jpeg,22057,0
aa3657e4314fe384eb2ba3adfda6c189.jpeg,0,98935
aa77712a48e11d579d903c7d178f6ea0.jpeg,0,32995
aa922bca73d5379c7c851a508273160e.jpeg,0,27731
aa982e29fb841ad9698b3cb63f254f6b.jpeg,0,77936
ab47c3fb256f174ae992b915a5162555.jpeg,0,21968
ab4c024a573c692195f853af7f8a4df1.jpeg,26956,104504
abbdc734839a76eaf622c3b3e57249fe.jpeg,0,511795
abdb047dc0cbb58aa032554b5eb4fcf0.jpeg,66289,0
abead1ae730831caf386f6e366943c17.jpeg,3609,15741
ac813fe3ccba3e032dd2948a80c64378.jpeg,16726,0
ac8d551c149b60f2965341caf528ca0a.jpeg,0,10224
acfd87d330a5a97b8eb5a9a8a8d7fcc9.jpeg,0,46809
ad1ae730831caf386f6e366943c17f87.jpeg,0,72287
ad260bfcb4443de3ef69f6db03409913.jpeg,11010,145180
ad3a7ab8df9da738683543f0dc6b7268.jpeg,0,89935
ad4f13ccf1f4b331a412fc44655fb51f.jpeg,0,20322
ae567c94ea04c603f909df7cd066b37f.jpeg,0,28803
ae992b915a51625559c7e610b1531871.jpeg,0,28977
aef5ef26a77ecc564cdc70626ab4ec3d.jpeg,0,9268
af3866269959350e7998934d417cb2eb.jpeg,0,20515
af386f6e366943c17f87cf12b41e5e9e.jpeg,0,159486
af622c3b3e57249fe9959a80703003d2.jpeg,0,268801
af7f63cd771e7606cb09d1fc6869d7b4.jpeg,0,71467
afbd9871ca68e0d4bcbe0f5192e72f65.jpeg,91314,0
afd56ea7bc4ba26c86b345408cc3736e.jpeg,0,66040
afdd43725a8bbcc89c96ddca6ee1af35.jpeg,0,24945
b08d237285e26c90e1797c77826f9a70.jpeg,0,62762
b09d1fc6869d7b4193425b976973f13d.jpeg,0,406809
b0af70cc0f6d32b726342865f6c24044.jpeg,0,107707
b0e5ca159410b9fdbdd46f680afdd437.jpeg,41428,0
b145a7d8d3b6c0ed754f28ca74521229.jpeg,0,118811
b1fdd80af3feff05dec1eb3a70b145a7.jpeg,0,69773
b204727fdcfa030228a69b99df08854b.jpeg,0,265377
b28163a745959c03983064a3eb4d4903.jpeg,0,226888
b28f39a546f6eeb0a13b346f09286c94.jpeg,0,119433
b2b535797395305af926a6f23c5d6d5f.jpeg,0,98898
b2ba3adfda6c1899fdc9837629008183.jpeg,0,89566
b37c8c2e5a64a8bd16f2523acfd87d33.jpeg,0,29983
b3a70b145a7d8d3b6c0ed754f28ca745.jpeg,0,53856
b3e57249fe9959a80703003d2cbbcfa4.jpeg,0,45685
b3e732adb4c5d1580670d78b9d054d69.jpeg,12024,0
b41e5e9e5040781d54ffd6a8ee924dbd.jpeg,0,90662
b46d0a6085835c525af63a987f428c95.jpeg,0,45190
b4774229fe1bce59ddf92e76900d229d.jpeg,0,297594
b4c4137c02accbfc1328f439a117d3f8.jpeg,79665,0
b4c5d1580670d78b9d054d694539ef24.jpeg,0,54905
b4ce97629ab559b28f39a546f6eeb0a1.jpeg,0,64404
b4ec3d46e602b296cc5cfd263f1f90be.jpeg,0,37772
b51f809d3ddb54343665e7e177b15dfa.jpeg,0,80142
b5633059989805234e222e19769fa2d3.jpeg,0,236407
b57bb6a052600f1f93e952886d1697f8.jpeg,0,40764
b5eda45ffe51330463d287a51b9298e1.jpeg,7971,0
b60f2965341caf528ca0adabead1ae73.jpeg,0,132852
b6692e6be5e8f14e1e0ae936de314f2d.jpeg,0,87200
b672ab3492fc6239c86a73f97dd5277d.jpeg,0,37926
b6aa460a22abd004c33abf3ae2136cd9.jpeg,0,48279
b701fc691ffa02f6068b683019e0c84a.jpeg,53045,0
b726342865f6c240449ad43fe2cd066b.jpeg,0,21088
b7384a5dd8c9431f046f281796061a92.jpeg,4,190495
b74a29abdb047dc0cbb58aa032554b5e.jpeg,26922,0
b7955a1d7a36ccf1225024da63fb9a76.jpeg,0,157634
b79b6669075945dc8ec8f02000f9b6c9.jpeg,0,32720
b7ad1cf2eb9d32a3dc907950289e976c.jpeg,42304,0
b7c8743c61a01e80947f9c02314fc58b.jpeg,0,42925
b7f23de79be0dba1f3cf29dff2864e2d.jpeg,0,94602
b8232510939c091a7915c942b2f94722.jpeg,0,214481
b8bcf15050fb9af0ef92846b60b1a38a.jpeg,0,148541
b96d0815334875343f27ebc5d92b9076.jpeg,0,134544
b99df08854bf951276e3f404b79b6669.jpeg,0,72724
b9d49e2f4ee17979870116d06046f5d8.jpeg,5614,0
ba3137327e936a4fa0fbb89bdd490629.jpeg,9237,0
bab9fc7330398846f67b5df7cdf3f33c.jpeg,0,95307
bacdbd7e6afd56ea7bc4ba26c86b3454.jpeg,0,122157
bb223c4eaf3372eae567c94ea04c603f.jpeg,0,50211
bb3c7abacdbd7e6afd56ea7bc4ba26c8.jpeg,0,47027
bbba8f6c704801b37705c1e555525d4f.jpeg,8321,55029
bbdc734839a76eaf622c3b3e57249fe9.jpeg,0,378515
bc04772d9e593b6be1ac29adbe86f03d.jpeg,36960,0
bc13ca0eaf044301ff069910ea2abe3c.jpeg,0,47546
bc4ba26c86b345408cc3736e216b08d2.jpeg,42154,0
bc5d92b9076135d76d0bbd4ce2a1405f.jpeg,0,9864
bc866ebe4d18d5401f659532897255ce.jpeg,19737,0
bc9e5a87e443434ac60af15041b1e56c.jpeg,115213,0
bca73d5379c7c851a508273160e13bac.jpeg,0,35498
bd55b1393e2ef89424de1556a26c8eba.jpeg,23200,0
bd70f618d52893a23c466c16952b6692.jpeg,0,47355
bd80d0a4d5777bbe9ebe3853f4fadef8.jpeg,91961,0
bd9ea42cfcfedb5eb2a0e4b50889d874.jpeg,0,14729
bdfb928d788e4237a32841b23099dd2e.jpeg,13004,0
be11d0309d1dff09b8405734fbeedd0f.jpeg,10682,0
be5e8f14e1e0ae936de314f2d95e6c48.jpeg,0,70885
be9800e6c6f4f219688c7e39b3608a3d.jpeg,10104,21478
bf0b5633059989805234e222e19769fa.jpeg,0,31504
bfcd6da15fc656702fa602bb3c7abacd.jpeg,0,36126
bfd2a52829ab4e7568cb49a3c530b99e.jpeg,12772,20604
c08a1d1ad8f2c5f72724e00d827b8bcf.jpeg,0,14235
c10e2b0e33fa12bfcd6da15fc656702f.jpeg,0,213718
c11d4f50e412144f0496b83ef461c2a3.jpeg,20477,0
c16952b6692e6be5e8f14e1e0ae936de.jpeg,0,14629
c17f87cf12b41e5e9e5040781d54ffd6.jpeg,0,82113
c1899fdc98376290081835cf877e004e.jpeg,0,258559
c1d4f50a5f3601ad4f13ccf1f4b331a4.jpeg,0,39206
c1db1a0b47aa6b7b1fecb5579bf4a5ce.jpeg,13013,0
c1e555525d4f09ce7270bfec57e44168.jpeg,16364,270957
c1eb3a70b145a7d8d3b6c0ed754f28ca.jpeg,0,92480
c270866fd3c396490cf7bdbdb19b7afe.jpeg,22804,0
c2820362736055807907941a8490fd7d.jpeg,0,41486
c2a337948a41964c1d4f50a5f3601ad4.jpeg,0,101791
c2f4af626650908b1cb932a767bf5487.jpeg,111071,0
c34a359bbb402345d341253851bc866e.jpeg,25022,0
c466c16952b6692e6be5e8f14e1e0ae9.jpeg,0,151854
c487ffa651b4774229fe1bce59ddf92e.jpeg,0,54780
c4ba26c86b345408cc3736e216b08d23.jpeg,36769,0
c4c65193c5141a869d6643c270866fd3.jpeg,26179,0
c5f72724e00d827b8bcf15050fb9af0e.jpeg,0,147751
c6239c86a73f97dd5277dd17ba487d48.jpeg,0,44979
c6869d7b4193425b976973f13dd311a6.jpeg,0,21672
c688b8ec74baddc22268d4b4ef4d95ce.jpeg,0,150498
c748c41743c6c08a1d1ad8f2c5f72724.jpeg,0,74913
c7abacdbd7e6afd56ea7bc4ba26c86b3.jpeg,0,55103
c7c851a508273160e13bac7541424475.jpeg,0,283831
c859759b7c8743c61a01e80947f9c023.jpeg,0,220955
c866ebe4d18d5401f659532897255ce2.jpeg,0,54476
c86b345408cc3736e216b08d237285e2.jpeg,48476,0
c8743c61a01e80947f9c02314fc58bdb.jpeg,0,115668
c89c96ddca6ee1af35b65bd9ea42cfcf.jpeg,0,63748
c8c2e5a64a8bd16f2523acfd87d330a5.jpeg,0,69651
c8c5f54ffaa27a623511c38948af83d1.jpeg,27510,0
c8d3d96fb2b87fbbcfdfb3ea1dd1faa8.jpeg,29328,0
c94ea04c603f909df7cd066b37f538ab.jpeg,0,25460
c98376290081835cf877e004e8bfb905.jpeg,0,47165
c9d33f3a7b24423d5c7edd718176ef30.jpeg,0,133335
c9d82404c5709ec7f1fc395e7c47889e.jpeg,21166,17430
ca0a994927d8d739c25f1ed7a64d0efc.jpeg,0,110662
ca73d5379c7c851a508273160e13bac7.jpeg,0,106284
ca745212295dd542315b4c10e2b0e33f.jpeg,0,11804
caf386f6e366943c17f87cf12b41e5e9.jpeg,0,52165
cb4443de3ef69f6db034099130d98309.jpeg,0,119268
cb49a3c530b99ec16e8b659fdc988a3e.jpeg,0,135792
cbc04772d9e593b6be1ac29adbe86f03.jpeg,28527,0
cbcc6d6bf62f215f0da4ad3a7ab8df9d.jpeg,0,53411
cc01dd78294679c9cbb2a365b5574868.jpeg,2080,82240
cc0f6d32b726342865f6c240449ad43f.jpeg,0,34465
cc564cdc70626ab4ec3d46e602b296cc.jpeg,0,15165
cc89c96ddca6ee1af35b65bd9ea42cfc.jpeg,0,30277
ccacf464aa36bf7c09a3bb0e5ca15941.jpeg,0,10431
ccf01a1b73b5f8ef0693db713abd61db.jpeg,7891,0
cd066b37f538abe9de67869ac66e565c.jpeg,0,61725
cd59f911f025ba0e3b6d0bf0b5633059.jpeg,0,29545
cd771e7606cb09d1fc6869d7b4193425.jpeg,0,500644
cd9dd77aef5ef26a77ecc564cdc70626.jpeg,145048,0
cdc265a0b0a1230b118fa8625605da20.jpeg,0,35004
cdda5cc8a788edaeb6aa460a22abd004.jpeg,0,47971
ce15c1346e62522325c1b9c4fc9cbe1e.jpeg,4010,41087
ce23b1fdd80af3feff05dec1eb3a70b1.jpeg,0,56212
ce2a1405f7d507592b964b7955a1d7a3.jpeg,0,126524
ceceffce15c1346e62522325c1b9c4fc.jpeg,3140,54740
ceea11957998906d3694abb47953b0e4.jpeg,9094,149762
cf1225024da63fb9a76b92633408da4b.jpeg,0,39535
cf15050fb9af0ef92846b60b1a38a1ee.jpeg,0,26441
cf1f4b331a412fc44655fb51f809d3dd.jpeg,0,21694
cfd263f1f90be28799235026b3550534.jpeg,0,17559
cfd87d330a5a97b8eb5a9a8a8d7fcc9d.jpeg,17713,0
cfedb5eb2a0e4b50889d874c68c030b9.jpeg,2728,0
d054d694539ef2424a9218697283baa3.jpeg,59774,0
d066b37f538abe9de67869ac66e565c5.jpeg,0,10980
d0815334875343f27ebc5d92b9076135.jpeg,0,77511
d152b672ab3492fc6239c86a73f97dd5.jpeg,0,92524
d197cd955fa095f978455cef3593cef2.jpeg,5124,0
d1fc6869d7b4193425b976973f13dd31.jpeg,0,81485
d1fd8bbf118acd7936140a2d5fc1443c.jpeg,10432,21337
d24a2ac9e88b2be8379499640676289b.jpeg,15317,0
d260bfcb4443de3ef69f6db034099130.jpeg,8024,57244
d287a51b9298e11bb07c70f3701ae6bc.jpeg,47121,0
d318d1f625619d9ae2a9833aa6b82325.jpeg,0,27110
d330a5a97b8eb5a9a8a8d7fcc9df8e5a.jpeg,5141,0
d351db40939d9a2f94285ef2a23f9dbb.jpeg,44685,0
d37d32780fd497e1c0e9082ea2c193ac.jpeg,0,15343
d4ae1b0f124dbc13ca0eaf044301ff06.jpeg,0,46727
d4f13ccf1f4b331a412fc44655fb51f8.jpeg,0,77251
d507592b964b7955a1d7a36ccf122502.jpeg,0,81894
d54ffd6a8ee924dbd70f618d52893a23.jpeg,0,331038
d6c688b8ec74baddc22268d4b4ef4d95.jpeg,0,93490
d6d5f35f66adf95b204727fdcfa03022.jpeg,0,55210
d771e7606cb09d1fc6869d7b4193425b.jpeg,0,20271
d7a36ccf1225024da63fb9a76b926334.jpeg,0,39535
d7a64d0efccacf464aa36bf7c09a3bb0.jpeg,0,11011
d7b4193425b976973f13dd311a65d2b4.jpeg,0,44847
d80176c9f800c683ca4074c2f49c6f0f.jpeg,14022,0
d81526eb91e2da9e6afaef7fdb2d45b2.jpeg,0,33276
d8d3b6c0ed754f28ca745212295dd542.jpeg,48410,0
d8d739c25f1ed7a64d0efccacf464aa3.jpeg,17258,0
d8dd18841d318d1f625619d9ae2a9833.jpeg,29746,0
d92b9076135d76d0bbd4ce2a1405f7d5.jpeg,0,32152
d9510588bec07c38c5d07e6080779715.jpeg,0,45439
da43f71d4dc3ddad260bfcb4443de3ef.jpeg,0,55665
da45ffe51330463d287a51b9298e11bb.jpeg,62388,0
da63fb9a76b92633408da4bcab47c3fb.jpeg,0,6143
da881fe4727080cae6daedd989517cb8.jpeg,8582,0
da9e6afaef7fdb2d45b21960c94b0aab.jpeg,0,280804
dacfbed351db40939d9a2f94285ef2a2.jpeg,3043,0
dad260bfcb4443de3ef69f6db0340991.jpeg,0,63309
daeb6aa460a22abd004c33abf3ae2136.jpeg,0,19361
db034099130d98309817287a8aef5669.jpeg,0,137378
db4c5d1580670d78b9d054d694539ef2.jpeg,0,46447
db55759486b8aa1b8f79bd9d436e9bd5.jpeg,46220,0
db65646d81526eb91e2da9e6afaef7fd.jpeg,0,69210
db70dd094a7f32574d6c748c41743c6c.jpeg,0,66114
db782ca0a994927d8d739c25f1ed7a64.jpeg,0,235751
dbc3bbc04a3afe1f119f21b248d152b6.jpeg,71233,0
dbd7e6afd56ea7bc4ba26c86b345408c.jpeg,0,91136
dd04cf2a6a01668d0ceca24cbb22edbd.jpeg,15240,0
dd80af3feff05dec1eb3a70b145a7d8d.jpeg,0,32156
dd989517cb8041ed86e58224cb76a67d.jpeg,0,26870
dda5cc8a788edaeb6aa460a22abd004c.jpeg,0,74485
de3ef69f6db034099130d98309817287.jpeg,0,83544
de67869ac66e565c5d4340aa5f7804c3.jpeg,0,75023
dec33fd6aab9f0df70e20bccce75a793.jpeg,8287,0
decfb143c57d89102ba1cef745d73912.jpeg,13515,0
ded465efde988dfb96d0815334875343.jpeg,0,35081
df08854bf951276e3f404b79b6669075.jpeg,0,35783
df283ecd59f911f025ba0e3b6d0bf0b5.jpeg,0,20049
dfae76b9a1db782ca0a994927d8d739c.jpeg,0,107241
dfd1518a2710d568df17586ad8f3297c.jpeg,0,46401
dfda6c1899fdc98376290081835cf877.jpeg,0,91084
dfef33d144fda8daadc8dd23ae214d84.jpeg,27895,0
dff2864e2d89df283ecd59f911f025ba.jpeg,0,109544
e0dba1f3cf29dff2864e2d89df283ecd.jpeg,0,85485
e101f07b34db8907f74aefafdacfbed3.jpeg,4667,0
e11bb07c70f3701ae6bcec5dd8e74f18.jpeg,5227,0
e1b0f124dbc13ca0eaf044301ff06991.jpeg,0,30171
e20bccce75a793c4a1e4062d81e095fd.jpeg,1991,0
e2136cd9dd77aef5ef26a77ecc564cdc.jpeg,83929,0
e23b1fdd80af3feff05dec1eb3a70b14.jpeg,0,68015
e26c90e1797c77826f9a7021bab9fc73.jpeg,0,20003
e28799235026b3550534bca540e24f48.jpeg,0,142906
e29fb841ad9698b3cb63f254f6b90e3f.jpeg,0,55939
e2a1405f7d507592b964b7955a1d7a36.jpeg,0,67950
e2dd4ae1b0f124dbc13ca0eaf044301f.jpeg,0,53448
e2ef89424de1556a26c8eba4c1db1a0b.jpeg,24220,0
e2f4ee17979870116d06046f5d8dd188.jpeg,0,96793
e319e1d6d19a707a4fdcc58c9c990b4e.jpeg,7650,0
e33fa12bfcd6da15fc656702fa602bb3.jpeg,0,36736
e3b6d0bf0b5633059989805234e222e1.jpeg,0,21369
e4909384b57bb6a052600f1f93e95288.jpeg,0,28205
e4d18d5401f659532897255ce2dd4ae1.jpeg,0,134272
e51330463d287a51b9298e11bb07c70f.jpeg,20081,0
e565c5d4340aa5f7804c34a359bbb402.jpeg,6234,0
e59ddf92e76900d229db65646d81526e.jpeg,0,140663
e6080779715c88d81a4106de1bdb8f4c.jpeg,0,45709
e6afaef7fdb2d45b21960c94b0aab4c0.jpeg,72016,0
e732adb4c5d1580670d78b9d054d6945.jpeg,0,137715
e76900d229db65646d81526eb91e2da9.jpeg,0,260097
e85d064f787d4be168d9510588bec07c.jpeg,0,22747
e9127e9632a3c6f7f7fb2a643f15bd02.jpeg,26044,0
e988dfb96d0815334875343f27ebc5d9.jpeg,0,101874
e9959a80703003d2cbbcfa4baf386626.jpeg,0,10774
e9e5040781d54ffd6a8ee924dbd70f61.jpeg,0,23044
ea1dd1faa864b404e18eeb228517f470.jpeg,5005,12000
eaa922bca73d5379c7c851a508273160.jpeg,0,71971
eb2a0e4b50889d874c68c030b9afea69.jpeg,3604,0
eb4d49033c03b0af70cc0f6d32b72634.jpeg,0,24490
eb91e2da9e6afaef7fdb2d45b21960c9.jpeg,0,414409
eba4c1db1a0b47aa6b7b1fecb5579bf4.jpeg,9638,0
ebce6347c491b37c8c2e5a64a8bd16f2.jpeg,0,127836
ec1eb3a70b145a7d8d3b6c0ed754f28c.jpeg,0,65363
ecc564cdc70626ab4ec3d46e602b296c.jpeg,0,62585
ed351db40939d9a2f94285ef2a23f9db.jpeg,15832,0
ee17979870116d06046f5d8dd18841d3.jpeg,0,85325
ef3065837ced5c7e06678d2a72ddff0b.jpeg,0,129377
ef69f6db034099130d98309817287a8a.jpeg,0,41922
ef92846b60b1a38a1eecd70ebce6347c.jpeg,0,50110
eff82f514f401ea0bd55b1393e2ef894.jpeg,32793,30503
f02000f9b6c911c4aa179344271fa54a.jpeg,0,13171
f04350ffd6984cbcc6d6bf62f215f0da.jpeg,0,20433
f0625f608b4ce97629ab559b28f39a54.jpeg,0,274827
f0b8a4f6b85d841fcef620546518773b.jpeg,0,29310
f0dc6b7268821d173263d7be7e12deff.jpeg,0,189296
f119f21b248d152b672ab3492fc6239c.jpeg,0,97374
f12b41e5e9e5040781d54ffd6a8ee924.jpeg,0,47831
f1ec859759b7c8743c61a01e80947f9c.jpeg,0,156445
f1f90be28799235026b3550534bca540.jpeg,0,30784
f2523acfd87d330a5a97b8eb5a9a8a8d.jpeg,0,36425
f29dff2864e2d89df283ecd59f911f02.jpeg,0,65027
f2a0f1536ad3f6a5664c1711b62f15ec.jpeg,0,20775
f2c6d40b3bbba8f6c704801b37705c1e.jpeg,15931,92420
f2d95e6c487ffa651b4774229fe1bce5.jpeg,0,50415
f3372eae567c94ea04c603f909df7cd0.jpeg,0,78673
f3593cef221b7a23b8c34c4287d4c9ac.jpeg,3070,0
f35edeb1919e5149b7e87593ab2925eb.jpeg,6875,0
f3ae2136cd9dd77aef5ef26a77ecc564.jpeg,0,25863
f3cf29dff2864e2d89df283ecd59f911.jpeg,0,169816
f404b79b6669075945dc8ec8f02000f9.jpeg,0,67575
f428c953248704ccdc265a0b0a1230b1.jpeg,0,6069
f461c2a337948a41964c1d4f50a5f360.jpeg,34704,0
f489284b8e6953ad88e16d4ca6160127.jpeg,5432,0
f4c31cfc1c9d33f3a7b24423d5c7edd7.jpeg,0,61029
f4f219688c7e39b3608a3d372b89ec27.jpeg,33314,0
f55177a34fc01019eec999fd84e679b0.jpeg,0,63397
f55b0b4c4137c02accbfc1328f439a11.jpeg,26239,0
f608b4ce97629ab559b28f39a546f6ee.jpeg,0,62497
f622c3b3e57249fe9959a80703003d2c.jpeg,0,67259
f625619d9ae2a9833aa6b8232510939c.jpeg,0,248281
f6c240449ad43fe2cd066b9fdbc3bbc0.jpeg,0,81185
f6d32b726342865f6c240449ad43fe2c.jpeg,0,67538
f6ea0ad83b8cac03290f1b976b7a7efc.jpeg,0,34409
f70cc0f6d32b726342865f6c240449ad.jpeg,0,81410
f759a3a33a0565586918cd5eb80e67c9.jpeg,64627,0
f7f63cd771e7606cb09d1fc6869d7b41.jpeg,0,408945
f7f8a4df1ec859759b7c8743c61a01e8.jpeg,0,218243
f800c683ca4074c2f49c6f0fca6a4248.jpeg,33096,0
f809d3ddb54343665e7e177b15dfae76.jpeg,13944,50891
f853af7f8a4df1ec859759b7c8743c61.jpeg,0,80439
f8a6f4d4987ea3b4bae5672a230194c5.jpeg,11125,0
f92846b60b1a38a1eecd70ebce6347c4.jpeg,0,19265
f93e952886d1697f8af9b550c1bce23b.jpeg,0,45993
f95b204727fdcfa030228a69b99df088.jpeg,0,566563
f970db3f998752a9fd5decebad6c688b.jpeg,0,137826
fa2d37d32780fd497e1c0e9082ea2c19.jpeg,0,19919
fa4baf3866269959350e7998934d417c.jpeg,0,82444
fa54aa1b27918630bfd2a52829ab4e75.jpeg,0,119161
faa864b404e18eeb228517f4706b508d.jpeg,25452,0
fae76b9a1db782ca0a994927d8d739c2.jpeg,0,138745
faeeb2b535797395305af926a6f23c5d.jpeg,0,112857
fb256f174ae992b915a51625559c7e61.jpeg,0,105204
fb2b87fbbcfdfb3ea1dd1faa864b404e.jpeg,20631,0
fb51f809d3ddb54343665e7e177b15df.jpeg,7222,53584
fb96d0815334875343f27ebc5d92b907.jpeg,0,43269
fbbcfdfb3ea1dd1faa864b404e18eeb2.jpeg,29058,0
fc01019eec999fd84e679b05f9a5e1ac.jpeg,0,28320
fc10b1300cb1b387133b51209db6dcdd.jpeg,0,61526
fcb4443de3ef69f6db034099130d9830.jpeg,0,62096
fccacf464aa36bf7c09a3bb0e5ca1594.jpeg,28698,0
fcfedb5eb2a0e4b50889d874c68c030b.jpeg,4008,0
fd6984cbcc6d6bf62f215f0da4ad3a7a.jpeg,0,20003
fd7da881fe4727080cae6daedd989517.jpeg,24474,0
fdcc58c9c990b4e2a6e51d077bad31c8.jpeg,41166,0
fe1bce59ddf92e76900d229db65646d8.jpeg,0,49835
fe51330463d287a51b9298e11bb07c70.jpeg,43543,0
fe9959a80703003d2cbbcfa4baf38662.jpeg,0,28769
fea6923881bf04350ffd6984cbcc6d6b.jpeg,0,13306
ff0b8a4f6b85d841fcef620546518773.jpeg,40819,0
ff13a2da7be59a5529406ac1c91f53b8.jpeg,52517,0
ffb963e1713a8763b8318ecf467d7ad0.jpeg,8840,0
